{
  "model": "LightGBM",
  "training_date": "2026-02-04 22:43:12",
  "dataset": "4 months (Oct 2025 - Feb 2026)",
  "samples": 2784,
  "features": 120,
  "train_samples": 2227,
  "test_samples": 557,
  "best_iteration": 0,
  "train_rmse": 0.4765832842251234,
  "test_rmse": 14.57997857640882,
  "train_mae": 0.1416523838535694,
  "test_mae": 4.353664893227383,
  "train_r2": 0.9999861054689165,
  "test_r2": 0.9790695921333986,
  "hyperparameters": {
    "objective": "regression",
    "metric": "rmse",
    "boosting_type": "gbdt",
    "num_leaves": 63,
    "learning_rate": 0.05,
    "feature_fraction": 0.8,
    "bagging_fraction": 0.8,
    "bagging_freq": 5,
    "max_depth": 15,
    "min_data_in_leaf": 20,
    "verbose": 0
  }
}